ProductID,ProductName,Category,SubCategory,Brand,BrandTier,Size,Price,Cost,Margin
P00001,Levi's Suits,Formal Wear,Suits,Levi's,Mid-Range,XXL,2373.07,1643.6,30.74
P00002,Hugo Boss Blazers,Formal Wear,Blazers,Hugo Boss,Premium,S,3874.37,2478.82,36.02
P00003,H&M Dress Shirts,Formal Wear,Dress Shirts,H&M,Budget,XXL,1455.28,834.46,42.66
P00004,H&M Waistcoats,Formal Wear,Waistcoats,H&M,Budget,XL,1043.95,709.81,32.01
P00005,Levi's Trousers,Formal Wear,Trousers,Levi's,Mid-Range,XS,3324.68,2181.69,34.38
P00006,Zara Suits,Formal Wear,Suits,Zara,Budget,S,886.45,616.52,30.45
P00007,Armani Waistcoats,Formal Wear,Waistcoats,Armani,Premium,XL,4296.26,2499.78,41.81
P00008,GAP Dress Shirts,Formal Wear,Dress Shirts,GAP,Budget,S,1563.66,903.03,42.25
P00009,Puma Trousers,Formal Wear,Trousers,Puma,Mid-Range,M,2077.82,1306.35,37.13
P00010,Tommy Hilfiger Suits,Formal Wear,Suits,Tommy Hilfiger,Mid-Range,XXL,2614.17,1551.99,40.63
P00011,Nike Trousers,Formal Wear,Trousers,Nike,Mid-Range,M,3369.78,1923.89,42.91
P00012,Tommy Hilfiger Dress Shirts,Formal Wear,Dress Shirts,Tommy Hilfiger,Mid-Range,XXXL,2027.01,1226.25,39.5
P00013,Levi's Blazers,Formal Wear,Blazers,Levi's,Mid-Range,XS,2715.49,1813.34,33.22
P00014,H&M Trousers,Formal Wear,Trousers,H&M,Budget,M,1638.63,1027.64,37.29
P00015,Puma Blazers,Formal Wear,Blazers,Puma,Mid-Range,M,3288.14,1831.39,44.3
P00016,Adidas Suits,Formal Wear,Suits,Adidas,Mid-Range,XL,3351.69,1929.16,42.44
P00017,GAP Suits,Formal Wear,Suits,GAP,Budget,XS,1073.22,743.02,30.77
P00018,Ralph Lauren Waistcoats,Formal Wear,Waistcoats,Ralph Lauren,Premium,XXXL,4855.65,3259.4,32.87
P00019,Nike Waistcoats,Formal Wear,Waistcoats,Nike,Mid-Range,XL,2079.38,1174.12,43.53
P00020,Armani Dress Shirts,Formal Wear,Dress Shirts,Armani,Premium,XS,3673.78,2263.13,38.4
P00021,Uniqlo Dress Shirts,Formal Wear,Dress Shirts,Uniqlo,Budget,XS,1312.56,819.4,37.57
P00022,H&M Dress Shirts,Formal Wear,Dress Shirts,H&M,Budget,L,944.43,648.26,31.36
P00023,GAP Blazers,Formal Wear,Blazers,GAP,Budget,XXL,1886.88,1225.3,35.06
P00024,Tommy Hilfiger Blazers,Formal Wear,Blazers,Tommy Hilfiger,Mid-Range,M,2109.19,1324.59,37.2
P00025,Tommy Hilfiger Blazers,Formal Wear,Blazers,Tommy Hilfiger,Mid-Range,XXL,3096.18,1788.75,42.23
P00026,Armani Blazers,Formal Wear,Blazers,Armani,Premium,XL,4872.26,3246.24,33.37
P00027,Hugo Boss Dress Shirts,Formal Wear,Dress Shirts,Hugo Boss,Premium,S,4745.9,3247.26,31.58
P00028,Adidas Trousers,Formal Wear,Trousers,Adidas,Mid-Range,M,3311.18,2279.02,31.17
P00029,Zara Waistcoats,Formal Wear,Waistcoats,Zara,Budget,XXL,1171.67,678.86,42.06
P00030,H&M Blazers,Formal Wear,Blazers,H&M,Budget,S,989.95,592.78,40.12
P00031,Nike Suits,Formal Wear,Suits,Nike,Mid-Range,L,2432.44,1436.85,40.93
P00032,Armani Blazers,Formal Wear,Blazers,Armani,Premium,S,4280.7,2583.46,39.65
P00033,Uniqlo Waistcoats,Formal Wear,Waistcoats,Uniqlo,Budget,S,1979.92,1250.13,36.86
P00034,GAP Trousers,Formal Wear,Trousers,GAP,Budget,XXL,1391.88,933.02,32.97
P00035,Zara Trousers,Formal Wear,Trousers,Zara,Budget,M,1113.11,776.99,30.2
P00036,Hugo Boss Dress Shirts,Formal Wear,Dress Shirts,Hugo Boss,Premium,XXL,4043.43,2344.41,42.02
P00037,Uniqlo Waistcoats,Formal Wear,Waistcoats,Uniqlo,Budget,XXL,823.19,553.45,32.77
P00038,Calvin Klein Waistcoats,Formal Wear,Waistcoats,Calvin Klein,Premium,XL,3768.8,2484.96,34.06
P00039,Ralph Lauren Trousers,Formal Wear,Trousers,Ralph Lauren,Premium,S,4039.34,2266.5,43.89
P00040,Puma Dress Shirts,Formal Wear,Dress Shirts,Puma,Mid-Range,L,2305.56,1308.13,43.26
P00041,Armani Suits,Formal Wear,Suits,Armani,Premium,XXXL,4425.03,2847.49,35.65
P00042,Tommy Hilfiger Suits,Formal Wear,Suits,Tommy Hilfiger,Mid-Range,XXL,2189.77,1225.25,44.05
P00043,Adidas Dress Shirts,Formal Wear,Dress Shirts,Adidas,Mid-Range,XL,2106.13,1261.1,40.12
P00044,Calvin Klein Suits,Formal Wear,Suits,Calvin Klein,Premium,L,3864.35,2494.95,35.44
P00045,Calvin Klein Waistcoats,Formal Wear,Waistcoats,Calvin Klein,Premium,XL,4526.29,2810.07,37.92
P00046,H&M Blazers,Formal Wear,Blazers,H&M,Budget,XXL,1302.3,855.59,34.3
P00047,Ralph Lauren Suits,Formal Wear,Suits,Ralph Lauren,Premium,XXXL,3995.3,2533.78,36.58
P00048,Armani Blazers,Formal Wear,Blazers,Armani,Premium,M,4038.06,2520.03,37.59
P00049,Tommy Hilfiger Trousers,Formal Wear,Trousers,Tommy Hilfiger,Mid-Range,L,2995.48,1839.62,38.59
P00050,Uniqlo Suits,Formal Wear,Suits,Uniqlo,Budget,XL,906.76,513.39,43.38
P00051,H&M Dress Shirts,Formal Wear,Dress Shirts,H&M,Budget,XXXL,932.0,601.57,35.45
P00052,Puma Blazers,Formal Wear,Blazers,Puma,Mid-Range,XL,2120.3,1327.91,37.37
P00053,Hugo Boss Dress Shirts,Formal Wear,Dress Shirts,Hugo Boss,Premium,M,4611.78,2708.93,41.26
P00054,Puma Dress Shirts,Formal Wear,Dress Shirts,Puma,Mid-Range,XXXL,2523.61,1673.99,33.67
P00055,H&M Waistcoats,Formal Wear,Waistcoats,H&M,Budget,XL,1760.95,988.86,43.85
P00056,Adidas Blazers,Formal Wear,Blazers,Adidas,Mid-Range,XS,2016.96,1158.1,42.58
P00057,Ralph Lauren Suits,Formal Wear,Suits,Ralph Lauren,Premium,XXXL,4704.73,3157.9,32.88
P00058,Tommy Hilfiger Blazers,Formal Wear,Blazers,Tommy Hilfiger,Mid-Range,XS,3460.3,2355.49,31.93
P00059,Armani Dress Shirts,Formal Wear,Dress Shirts,Armani,Premium,XS,4175.42,2413.33,42.2
P00060,Armani Trousers,Formal Wear,Trousers,Armani,Premium,XXXL,4548.75,2869.81,36.91
P00061,Hugo Boss Waistcoats,Formal Wear,Waistcoats,Hugo Boss,Premium,S,4191.25,2868.55,31.56
P00062,Puma Trousers,Formal Wear,Trousers,Puma,Mid-Range,S,2135.61,1209.84,43.35
P00063,GAP Blazers,Formal Wear,Blazers,GAP,Budget,S,1757.33,1079.12,38.59
P00064,Hugo Boss Waistcoats,Formal Wear,Waistcoats,Hugo Boss,Premium,XXL,4235.66,2876.48,32.09
P00065,GAP Blazers,Formal Wear,Blazers,GAP,Budget,XXL,829.2,519.59,37.34
P00066,Adidas Blazers,Formal Wear,Blazers,Adidas,Mid-Range,XL,2553.13,1489.28,41.67
P00067,H&M Trousers,Formal Wear,Trousers,H&M,Budget,S,1303.43,782.9,39.94
P00068,Armani Dress Shirts,Formal Wear,Dress Shirts,Armani,Premium,M,4760.22,2848.9,40.15
P00069,Puma Suits,Formal Wear,Suits,Puma,Mid-Range,XL,2978.92,1952.54,34.45
P00070,Puma Dress Shirts,Formal Wear,Dress Shirts,Puma,Mid-Range,S,2327.24,1619.22,30.42
P00071,Armani Suits,Formal Wear,Suits,Armani,Premium,XXL,4842.28,2846.13,41.22
P00072,Tommy Hilfiger Suits,Formal Wear,Suits,Tommy Hilfiger,Mid-Range,XS,2888.44,1719.0,40.49
P00073,Uniqlo Suits,Formal Wear,Suits,Uniqlo,Budget,XS,1996.33,1109.03,44.45
P00074,Tommy Hilfiger Waistcoats,Formal Wear,Waistcoats,Tommy Hilfiger,Mid-Range,M,3360.17,2101.46,37.46
P00075,Zara Trousers,Formal Wear,Trousers,Zara,Budget,XL,1016.21,601.39,40.82
P00076,Calvin Klein Dress Shirts,Formal Wear,Dress Shirts,Calvin Klein,Premium,S,4614.72,2703.92,41.41
P00077,GAP Trousers,Formal Wear,Trousers,GAP,Budget,S,1408.56,878.12,37.66
P00078,Armani Suits,Formal Wear,Suits,Armani,Premium,XXL,4939.73,2896.21,41.37
P00079,Ralph Lauren Trousers,Formal Wear,Trousers,Ralph Lauren,Premium,L,3622.97,2406.53,33.58
P00080,GAP Trousers,Formal Wear,Trousers,GAP,Budget,XXXL,1798.08,1185.35,34.08
P00081,Levi's Suits,Formal Wear,Suits,Levi's,Mid-Range,XS,2344.69,1511.96,35.52
P00082,Nike Trousers,Formal Wear,Trousers,Nike,Mid-Range,XXXL,3460.82,2181.59,36.96
P00083,Zara Suits,Formal Wear,Suits,Zara,Budget,S,1179.22,796.32,32.47
P00084,Puma Dress Shirts,Formal Wear,Dress Shirts,Puma,Mid-Range,L,2147.28,1241.08,42.2
P00085,GAP Dress Shirts,Formal Wear,Dress Shirts,GAP,Budget,S,971.26,620.28,36.14
P00086,Calvin Klein Blazers,Formal Wear,Blazers,Calvin Klein,Premium,S,3645.77,2014.24,44.75
P00087,Adidas Suits,Formal Wear,Suits,Adidas,Mid-Range,XXXL,2950.79,1723.19,41.6
P00088,Armani Waistcoats,Formal Wear,Waistcoats,Armani,Premium,XS,3509.73,2022.15,42.38
P00089,Armani Waistcoats,Formal Wear,Waistcoats,Armani,Premium,XS,3701.94,2250.82,39.2
P00090,Hugo Boss Dress Shirts,Formal Wear,Dress Shirts,Hugo Boss,Premium,L,4734.27,2701.51,42.94
P00091,Adidas Trousers,Formal Wear,Trousers,Adidas,Mid-Range,S,2232.48,1265.86,43.3
P00092,Armani Trousers,Formal Wear,Trousers,Armani,Premium,S,4683.71,3192.42,31.84
P00093,H&M Trousers,Formal Wear,Trousers,H&M,Budget,L,1883.35,1222.29,35.1
P00094,Calvin Klein Blazers,Formal Wear,Blazers,Calvin Klein,Premium,M,4232.33,2680.25,36.67
P00095,Puma Trousers,Formal Wear,Trousers,Puma,Mid-Range,XXL,3024.53,1773.22,41.37
P00096,Zara Trousers,Formal Wear,Trousers,Zara,Budget,S,1191.03,815.36,31.54
P00097,Hugo Boss Blazers,Formal Wear,Blazers,Hugo Boss,Premium,XS,4581.76,2955.07,35.5
P00098,Puma Waistcoats,Formal Wear,Waistcoats,Puma,Mid-Range,XS,2223.93,1339.65,39.76
P00099,Armani Blazers,Formal Wear,Blazers,Armani,Premium,XS,3849.01,2634.91,31.54
P00100,Calvin Klein Waistcoats,Formal Wear,Waistcoats,Calvin Klein,Premium,XL,4525.76,3018.6,33.3
P00101,Tommy Hilfiger Waistcoats,Formal Wear,Waistcoats,Tommy Hilfiger,Mid-Range,XS,3496.53,1967.22,43.74
P00102,H&M Waistcoats,Formal Wear,Waistcoats,H&M,Budget,XXXL,1478.84,1012.69,31.52
P00103,Levi's Dress Shirts,Formal Wear,Dress Shirts,Levi's,Mid-Range,XL,3347.0,1845.47,44.86
P00104,Zara Suits,Formal Wear,Suits,Zara,Budget,L,1226.18,796.44,35.05
P00105,Zara Suits,Formal Wear,Suits,Zara,Budget,XL,821.26,471.5,42.59
P00106,Levi's Waistcoats,Formal Wear,Waistcoats,Levi's,Mid-Range,XL,3104.68,2029.79,34.62
P00107,Calvin Klein Suits,Formal Wear,Suits,Calvin Klein,Premium,XXL,3538.24,2065.06,41.64
P00108,Ralph Lauren Waistcoats,Formal Wear,Waistcoats,Ralph Lauren,Premium,M,3791.15,2220.05,41.44
P00109,Nike Dress Shirts,Formal Wear,Dress Shirts,Nike,Mid-Range,S,2166.68,1434.28,33.8
P00110,Calvin Klein Blazers,Formal Wear,Blazers,Calvin Klein,Premium,S,3528.46,2390.12,32.26
P00111,Calvin Klein Blazers,Formal Wear,Blazers,Calvin Klein,Premium,M,3561.97,2262.73,36.48
P00112,H&M Suits,Formal Wear,Suits,H&M,Budget,L,1193.43,722.22,39.48
P00113,H&M Waistcoats,Formal Wear,Waistcoats,H&M,Budget,XS,1913.85,1122.66,41.34
P00114,Hugo Boss Waistcoats,Formal Wear,Waistcoats,Hugo Boss,Premium,XL,4886.64,2975.79,39.1
P00115,Hugo Boss Blazers,Formal Wear,Blazers,Hugo Boss,Premium,M,4546.6,2931.06,35.53
P00116,Hugo Boss Suits,Formal Wear,Suits,Hugo Boss,Premium,M,4138.21,2588.02,37.46
P00117,Tommy Hilfiger Blazers,Formal Wear,Blazers,Tommy Hilfiger,Mid-Range,L,3223.0,2010.76,37.61
P00118,Uniqlo Waistcoats,Formal Wear,Waistcoats,Uniqlo,Budget,XL,1620.02,1066.57,34.16
P00119,H&M Waistcoats,Formal Wear,Waistcoats,H&M,Budget,XXL,1979.24,1095.8,44.64
P00120,Ralph Lauren Waistcoats,Formal Wear,Waistcoats,Ralph Lauren,Premium,XXL,3510.98,2024.32,42.34
P00121,Hugo Boss Suits,Formal Wear,Suits,Hugo Boss,Premium,M,4749.93,3292.12,30.69
P00122,Armani Suits,Formal Wear,Suits,Armani,Premium,XXL,4642.43,2811.1,39.45
P00123,Zara Waistcoats,Formal Wear,Waistcoats,Zara,Budget,M,864.92,596.14,31.08
P00124,Puma Blazers,Formal Wear,Blazers,Puma,Mid-Range,S,2598.37,1805.86,30.5
P00125,Hugo Boss Blazers,Formal Wear,Blazers,Hugo Boss,Premium,XXL,4847.2,3286.17,32.2
P00126,Puma Casual Shirts,Casual Wear,Casual Shirts,Puma,Mid-Range,L,1018.34,618.91,39.22
P00127,Armani Casual Shirts,Casual Wear,Casual Shirts,Armani,Premium,XS,2187.39,1307.05,40.25
P00128,Uniqlo Chinos,Casual Wear,Chinos,Uniqlo,Budget,XS,755.93,478.9,36.65
P00129,Ralph Lauren T-Shirts,Casual Wear,T-Shirts,Ralph Lauren,Premium,XXXL,2365.93,1548.27,34.56
P00130,Nike Jeans,Casual Wear,Jeans,Nike,Mid-Range,S,1597.13,901.7,43.54
P00131,Puma Chinos,Casual Wear,Chinos,Puma,Mid-Range,XXL,1691.52,1181.54,30.15
P00132,H&M Chinos,Casual Wear,Chinos,H&M,Budget,XS,694.18,435.77,37.23
P00133,Hugo Boss T-Shirts,Casual Wear,T-Shirts,Hugo Boss,Premium,XL,2242.48,1482.54,33.89
P00134,Ralph Lauren T-Shirts,Casual Wear,T-Shirts,Ralph Lauren,Premium,XL,1863.73,1221.44,34.46
P00135,Tommy Hilfiger Shorts,Casual Wear,Shorts,Tommy Hilfiger,Mid-Range,L,1154.93,686.07,40.6
P00136,Armani Jeans,Casual Wear,Jeans,Armani,Premium,M,2099.66,1409.96,32.85
P00137,Armani Casual Shirts,Casual Wear,Casual Shirts,Armani,Premium,M,2220.85,1525.69,31.3
P00138,Tommy Hilfiger Jeans,Casual Wear,Jeans,Tommy Hilfiger,Mid-Range,XXL,1473.82,921.47,37.48
P00139,Ralph Lauren T-Shirts,Casual Wear,T-Shirts,Ralph Lauren,Premium,XXXL,2076.42,1344.47,35.25
P00140,Calvin Klein Shorts,Casual Wear,Shorts,Calvin Klein,Premium,XL,1874.13,1254.48,33.06
P00141,Hugo Boss Jeans,Casual Wear,Jeans,Hugo Boss,Premium,XXXL,2269.01,1362.99,39.93
P00142,Tommy Hilfiger Jeans,Casual Wear,Jeans,Tommy Hilfiger,Mid-Range,L,1188.72,670.56,43.59
P00143,Tommy Hilfiger T-Shirts,Casual Wear,T-Shirts,Tommy Hilfiger,Mid-Range,XXL,1614.39,896.62,44.46
P00144,Adidas Casual Shirts,Casual Wear,Casual Shirts,Adidas,Mid-Range,XXXL,1377.76,869.91,36.86
P00145,Nike Jeans,Casual Wear,Jeans,Nike,Mid-Range,S,1001.74,639.73,36.14
P00146,GAP T-Shirts,Casual Wear,T-Shirts,GAP,Budget,XXXL,464.05,257.83,44.44
P00147,Calvin Klein T-Shirts,Casual Wear,T-Shirts,Calvin Klein,Premium,S,2127.46,1285.05,39.6
P00148,GAP Jeans,Casual Wear,Jeans,GAP,Budget,M,666.83,418.99,37.17
P00149,Hugo Boss Casual Shirts,Casual Wear,Casual Shirts,Hugo Boss,Premium,S,2016.99,1174.64,41.76
P00150,Tommy Hilfiger T-Shirts,Casual Wear,T-Shirts,Tommy Hilfiger,Mid-Range,L,1708.07,961.31,43.72
P00151,Uniqlo Casual Shirts,Casual Wear,Casual Shirts,Uniqlo,Budget,XXXL,508.53,320.22,37.03
P00152,Nike T-Shirts,Casual Wear,T-Shirts,Nike,Mid-Range,M,1535.33,991.23,35.44
P00153,Calvin Klein Shorts,Casual Wear,Shorts,Calvin Klein,Premium,XXL,1924.79,1340.38,30.36
P00154,Nike Shorts,Casual Wear,Shorts,Nike,Mid-Range,XS,1484.23,888.23,40.16
P00155,Ralph Lauren T-Shirts,Casual Wear,T-Shirts,Ralph Lauren,Premium,S,2069.89,1222.53,40.94
P00156,Nike Shorts,Casual Wear,Shorts,Nike,Mid-Range,XS,1321.84,742.57,43.82
P00157,GAP T-Shirts,Casual Wear,T-Shirts,GAP,Budget,M,453.24,314.73,30.56
P00158,Calvin Klein Casual Shirts,Casual Wear,Casual Shirts,Calvin Klein,Premium,XL,2155.56,1410.59,34.56
P00159,Levi's Shorts,Casual Wear,Shorts,Levi's,Mid-Range,L,1258.8,725.06,42.4
P00160,Zara Shorts,Casual Wear,Shorts,Zara,Budget,M,728.52,428.03,41.25
P00161,Adidas T-Shirts,Casual Wear,T-Shirts,Adidas,Mid-Range,XS,1553.38,1020.86,34.28
P00162,Hugo Boss Shorts,Casual Wear,Shorts,Hugo Boss,Premium,M,1786.41,1057.54,40.8
P00163,Armani Chinos,Casual Wear,Chinos,Armani,Premium,XXL,2405.22,1589.09,33.93
P00164,Puma Casual Shirts,Casual Wear,Casual Shirts,Puma,Mid-Range,M,1564.14,1003.8,35.82
P00165,Nike T-Shirts,Casual Wear,T-Shirts,Nike,Mid-Range,XL,1281.16,752.25,41.28
P00166,Adidas Casual Shirts,Casual Wear,Casual Shirts,Adidas,Mid-Range,M,1147.54,761.6,33.63
P00167,Uniqlo Chinos,Casual Wear,Chinos,Uniqlo,Budget,XL,430.23,244.12,43.26
P00168,Zara Jeans,Casual Wear,Jeans,Zara,Budget,L,496.61,276.17,44.39
P00169,Hugo Boss Chinos,Casual Wear,Chinos,Hugo Boss,Premium,XL,2196.47,1439.89,34.45
P00170,Nike Shorts,Casual Wear,Shorts,Nike,Mid-Range,L,1395.77,788.15,43.53
P00171,Levi's Shorts,Casual Wear,Shorts,Levi's,Mid-Range,M,1432.39,889.55,37.9
P00172,Zara Casual Shirts,Casual Wear,Casual Shirts,Zara,Budget,L,763.72,469.75,38.49
P00173,Puma Shorts,Casual Wear,Shorts,Puma,Mid-Range,XXL,1236.86,794.53,35.76
P00174,Adidas Casual Shirts,Casual Wear,Casual Shirts,Adidas,Mid-Range,L,1733.7,965.31,44.32
P00175,Tommy Hilfiger Chinos,Casual Wear,Chinos,Tommy Hilfiger,Mid-Range,XL,1186.69,764.08,35.61
P00176,Tommy Hilfiger Chinos,Casual Wear,Chinos,Tommy Hilfiger,Mid-Range,XXL,1456.59,988.26,32.15
P00177,Ralph Lauren T-Shirts,Casual Wear,T-Shirts,Ralph Lauren,Premium,XL,1783.26,1024.37,42.56
P00178,Uniqlo Shorts,Casual Wear,Shorts,Uniqlo,Budget,XS,548.19,354.33,35.36
P00179,Uniqlo Jeans,Casual Wear,Jeans,Uniqlo,Budget,S,455.67,290.66,36.21
P00180,Hugo Boss Jeans,Casual Wear,Jeans,Hugo Boss,Premium,XS,2374.48,1510.93,36.37
P00181,Tommy Hilfiger T-Shirts,Casual Wear,T-Shirts,Tommy Hilfiger,Mid-Range,L,1215.16,785.59,35.35
P00182,Levi's Shorts,Casual Wear,Shorts,Levi's,Mid-Range,L,1362.33,860.78,36.82
P00183,Hugo Boss Chinos,Casual Wear,Chinos,Hugo Boss,Premium,XXL,2377.08,1445.06,39.21
P00184,Calvin Klein Chinos,Casual Wear,Chinos,Calvin Klein,Premium,L,2418.5,1658.61,31.42
P00185,Zara Jeans,Casual Wear,Jeans,Zara,Budget,XXL,811.16,454.58,43.96
P00186,H&M T-Shirts,Casual Wear,T-Shirts,H&M,Budget,XXXL,611.63,338.07,44.73
P00187,Zara Chinos,Casual Wear,Chinos,Zara,Budget,S,598.33,390.38,34.75
P00188,GAP Shorts,Casual Wear,Shorts,GAP,Budget,XS,549.5,328.51,40.22
P00189,Hugo Boss Shorts,Casual Wear,Shorts,Hugo Boss,Premium,XXXL,2174.24,1203.42,44.65
P00190,Calvin Klein T-Shirts,Casual Wear,T-Shirts,Calvin Klein,Premium,S,2110.38,1249.93,40.77
P00191,Uniqlo Chinos,Casual Wear,Chinos,Uniqlo,Budget,XXXL,648.15,424.22,34.55
P00192,Puma Chinos,Casual Wear,Chinos,Puma,Mid-Range,XXXL,1720.78,1172.92,31.84
P00193,Calvin Klein Shorts,Casual Wear,Shorts,Calvin Klein,Premium,XXXL,1943.65,1303.26,32.95
P00194,GAP Shorts,Casual Wear,Shorts,GAP,Budget,S,992.27,572.16,42.34
P00195,Calvin Klein Chinos,Casual Wear,Chinos,Calvin Klein,Premium,M,1976.29,1326.14,32.9
P00196,Ralph Lauren Jeans,Casual Wear,Jeans,Ralph Lauren,Premium,XXXL,2480.06,1517.53,38.81
P00197,Adidas Shorts,Casual Wear,Shorts,Adidas,Mid-Range,XXL,1181.24,787.25,33.35
P00198,Nike Jeans,Casual Wear,Jeans,Nike,Mid-Range,L,1115.69,769.39,31.04
P00199,Ralph Lauren T-Shirts,Casual Wear,T-Shirts,Ralph Lauren,Premium,S,2202.67,1353.21,38.57
P00200,Ralph Lauren Casual Shirts,Casual Wear,Casual Shirts,Ralph Lauren,Premium,M,1976.83,1311.0,33.68
P00201,H&M Shorts,Casual Wear,Shorts,H&M,Budget,S,616.56,422.58,31.46
P00202,Tommy Hilfiger Jeans,Casual Wear,Jeans,Tommy Hilfiger,Mid-Range,L,1461.03,984.69,32.6
P00203,Tommy Hilfiger Jeans,Casual Wear,Jeans,Tommy Hilfiger,Mid-Range,XS,1072.1,733.67,31.57
P00204,Adidas Chinos,Casual Wear,Chinos,Adidas,Mid-Range,M,1217.32,671.51,44.84
P00205,Calvin Klein Shorts,Casual Wear,Shorts,Calvin Klein,Premium,L,2301.3,1297.23,43.63
P00206,Tommy Hilfiger T-Shirts,Casual Wear,T-Shirts,Tommy Hilfiger,Mid-Range,XXXL,1070.56,741.37,30.75
P00207,Calvin Klein Chinos,Casual Wear,Chinos,Calvin Klein,Premium,XXXL,2396.28,1524.07,36.4
P00208,Levi's Shorts,Casual Wear,Shorts,Levi's,Mid-Range,XXXL,1726.86,1065.93,38.27
P00209,Adidas Shorts,Casual Wear,Shorts,Adidas,Mid-Range,L,1015.74,608.73,40.07
P00210,Ralph Lauren T-Shirts,Casual Wear,T-Shirts,Ralph Lauren,Premium,M,1812.29,1201.29,33.71
P00211,Calvin Klein Chinos,Casual Wear,Chinos,Calvin Klein,Premium,XL,2062.32,1378.54,33.16
P00212,Zara Shorts,Casual Wear,Shorts,Zara,Budget,L,591.53,369.21,37.58
P00213,Uniqlo Jeans,Casual Wear,Jeans,Uniqlo,Budget,L,520.87,329.42,36.76
P00214,Levi's Chinos,Casual Wear,Chinos,Levi's,Mid-Range,L,1327.21,906.69,31.68
P00215,Adidas Casual Shirts,Casual Wear,Casual Shirts,Adidas,Mid-Range,XXL,1136.92,645.27,43.24
P00216,GAP Jeans,Casual Wear,Jeans,GAP,Budget,S,700.28,465.15,33.58
P00217,Puma Shorts,Casual Wear,Shorts,Puma,Mid-Range,XS,1698.26,959.8,43.48
P00218,H&M Chinos,Casual Wear,Chinos,H&M,Budget,XS,576.62,377.77,34.49
P00219,Zara Chinos,Casual Wear,Chinos,Zara,Budget,XXXL,552.8,372.19,32.67
P00220,Hugo Boss Chinos,Casual Wear,Chinos,Hugo Boss,Premium,XS,1883.11,1058.69,43.78
P00221,GAP Casual Shirts,Casual Wear,Casual Shirts,GAP,Budget,M,578.16,403.55,30.2
P00222,Adidas Jeans,Casual Wear,Jeans,Adidas,Mid-Range,M,1185.97,718.22,39.44
P00223,Calvin Klein Casual Shirts,Casual Wear,Casual Shirts,Calvin Klein,Premium,M,2106.88,1458.14,30.79
P00224,Ralph Lauren Chinos,Casual Wear,Chinos,Ralph Lauren,Premium,XXXL,2470.6,1638.03,33.7
P00225,Adidas T-Shirts,Casual Wear,T-Shirts,Adidas,Mid-Range,XS,1190.15,669.49,43.75
P00226,Armani Shorts,Casual Wear,Shorts,Armani,Premium,M,2032.01,1287.81,36.62
P00227,Levi's Jeans,Casual Wear,Jeans,Levi's,Mid-Range,XXXL,1290.87,885.47,31.4
P00228,H&M T-Shirts,Casual Wear,T-Shirts,H&M,Budget,S,633.51,395.25,37.61
P00229,H&M Jeans,Casual Wear,Jeans,H&M,Budget,XL,423.84,262.91,37.97
P00230,Zara Jeans,Casual Wear,Jeans,Zara,Budget,S,518.24,294.27,43.22
P00231,H&M Chinos,Casual Wear,Chinos,H&M,Budget,XL,646.81,418.73,35.26
P00232,Calvin Klein Jeans,Casual Wear,Jeans,Calvin Klein,Premium,XXL,1966.69,1253.78,36.25
P00233,Ralph Lauren Casual Shirts,Casual Wear,Casual Shirts,Ralph Lauren,Premium,S,2420.56,1467.42,39.38
P00234,H&M Shorts,Casual Wear,Shorts,H&M,Budget,XXXL,1000.0,680.29,31.97
P00235,Uniqlo Jeans,Casual Wear,Jeans,Uniqlo,Budget,XS,869.55,603.89,30.55
P00236,H&M Shorts,Casual Wear,Shorts,H&M,Budget,M,425.52,295.94,30.45
P00237,GAP Shorts,Casual Wear,Shorts,GAP,Budget,L,490.64,335.43,31.63
P00238,Levi's Jeans,Casual Wear,Jeans,Levi's,Mid-Range,XL,1508.17,1054.13,30.11
P00239,H&M Jeans,Casual Wear,Jeans,H&M,Budget,XXL,554.97,351.34,36.69
P00240,Armani Casual Shirts,Casual Wear,Casual Shirts,Armani,Premium,XXXL,2435.54,1530.65,37.15
P00241,Levi's Shorts,Casual Wear,Shorts,Levi's,Mid-Range,M,1721.74,1126.64,34.56
P00242,Adidas Shorts,Casual Wear,Shorts,Adidas,Mid-Range,XXL,1354.54,872.5,35.59
P00243,Levi's Casual Shirts,Casual Wear,Casual Shirts,Levi's,Mid-Range,XL,1627.06,1114.82,31.48
P00244,H&M Casual Shirts,Casual Wear,Casual Shirts,H&M,Budget,XXXL,495.44,293.37,40.79
P00245,Calvin Klein Chinos,Casual Wear,Chinos,Calvin Klein,Premium,XS,2395.86,1637.67,31.65
P00246,Nike Chinos,Casual Wear,Chinos,Nike,Mid-Range,XXL,1356.88,872.5,35.7
P00247,Zara Chinos,Casual Wear,Chinos,Zara,Budget,L,982.5,568.1,42.18
P00248,Puma Jeans,Casual Wear,Jeans,Puma,Mid-Range,XXL,1373.77,828.39,39.7
P00249,Puma Casual Shirts,Casual Wear,Casual Shirts,Puma,Mid-Range,XXXL,1625.68,913.08,43.83
P00250,Calvin Klein Shorts,Casual Wear,Shorts,Calvin Klein,Premium,L,2446.23,1707.3,30.21
P00251,Ralph Lauren Chinos,Casual Wear,Chinos,Ralph Lauren,Premium,M,1866.14,1176.44,36.96
P00252,Levi's Jeans,Casual Wear,Jeans,Levi's,Mid-Range,M,1050.01,705.68,32.79
P00253,Hugo Boss Chinos,Casual Wear,Chinos,Hugo Boss,Premium,XXXL,1837.94,1055.7,42.56
P00254,Calvin Klein Chinos,Casual Wear,Chinos,Calvin Klein,Premium,M,2312.95,1557.49,32.66
P00255,Calvin Klein T-Shirts,Casual Wear,T-Shirts,Calvin Klein,Premium,XXXL,2394.58,1577.69,34.11
P00256,Tommy Hilfiger Casual Shirts,Casual Wear,Casual Shirts,Tommy Hilfiger,Mid-Range,L,1688.17,1034.4,38.73
P00257,Ralph Lauren Jeans,Casual Wear,Jeans,Ralph Lauren,Premium,XXXL,2358.73,1603.72,32.01
P00258,Uniqlo Casual Shirts,Casual Wear,Casual Shirts,Uniqlo,Budget,M,494.96,274.19,44.6
P00259,Nike Shorts,Casual Wear,Shorts,Nike,Mid-Range,XL,1190.57,799.57,32.84
P00260,Hugo Boss T-Shirts,Casual Wear,T-Shirts,Hugo Boss,Premium,XS,2473.28,1416.11,42.74
P00261,Adidas Jeans,Casual Wear,Jeans,Adidas,Mid-Range,L,1647.67,1000.36,39.29
P00262,Hugo Boss Shorts,Casual Wear,Shorts,Hugo Boss,Premium,XXL,2436.82,1648.06,32.37
P00263,Calvin Klein Chinos,Casual Wear,Chinos,Calvin Klein,Premium,L,2160.49,1340.16,37.97
P00264,Levi's T-Shirts,Casual Wear,T-Shirts,Levi's,Mid-Range,M,1271.12,751.25,40.9
P00265,GAP Jeans,Casual Wear,Jeans,GAP,Budget,XXL,518.39,352.35,32.03
P00266,Ralph Lauren Jeans,Casual Wear,Jeans,Ralph Lauren,Premium,XXL,2107.09,1474.88,30.0
P00267,Ralph Lauren Shorts,Casual Wear,Shorts,Ralph Lauren,Premium,L,2492.94,1578.81,36.67
P00268,Ralph Lauren Shorts,Casual Wear,Shorts,Ralph Lauren,Premium,L,2014.87,1393.72,30.83
P00269,Ralph Lauren Shorts,Casual Wear,Shorts,Ralph Lauren,Premium,M,2184.26,1282.38,41.29
P00270,Nike Chinos,Casual Wear,Chinos,Nike,Mid-Range,M,1346.14,766.46,43.06
P00271,Hugo Boss Casual Shirts,Casual Wear,Casual Shirts,Hugo Boss,Premium,XS,2403.51,1540.47,35.91
P00272,Uniqlo Jeans,Casual Wear,Jeans,Uniqlo,Budget,XS,880.15,572.76,34.92
P00273,Tommy Hilfiger Shorts,Casual Wear,Shorts,Tommy Hilfiger,Mid-Range,S,1698.07,1025.17,39.63
P00274,GAP Jeans,Casual Wear,Jeans,GAP,Budget,M,638.47,415.48,34.93
P00275,Puma Shorts,Casual Wear,Shorts,Puma,Mid-Range,XL,1492.65,993.88,33.42
P00276,Levi's Casual Shirts,Casual Wear,Casual Shirts,Levi's,Mid-Range,XXXL,1492.34,1011.55,32.22
P00277,Nike Jeans,Casual Wear,Jeans,Nike,Mid-Range,S,1559.0,988.63,36.59
P00278,Hugo Boss Casual Shirts,Casual Wear,Casual Shirts,Hugo Boss,Premium,M,2240.97,1368.16,38.95
P00279,Zara T-Shirts,Casual Wear,T-Shirts,Zara,Budget,M,681.43,377.73,44.57
P00280,Armani T-Shirts,Casual Wear,T-Shirts,Armani,Premium,XL,1985.79,1276.95,35.7
P00281,Hugo Boss Casual Shirts,Casual Wear,Casual Shirts,Hugo Boss,Premium,XXL,1878.57,1093.22,41.81
P00282,H&M Chinos,Casual Wear,Chinos,H&M,Budget,XXXL,686.38,379.01,44.78
P00283,Puma T-Shirts,Casual Wear,T-Shirts,Puma,Mid-Range,M,1136.23,725.47,36.15
P00284,Adidas Chinos,Casual Wear,Chinos,Adidas,Mid-Range,L,1223.71,753.34,38.44
P00285,Hugo Boss Casual Shirts,Casual Wear,Casual Shirts,Hugo Boss,Premium,XS,2298.73,1384.39,39.78
P00286,Adidas Casual Shirts,Casual Wear,Casual Shirts,Adidas,Mid-Range,XS,1479.38,987.56,33.25
P00287,Adidas T-Shirts,Casual Wear,T-Shirts,Adidas,Mid-Range,L,1232.74,793.04,35.67
P00288,Armani T-Shirts,Casual Wear,T-Shirts,Armani,Premium,S,2210.96,1530.93,30.76
P00289,Uniqlo Jeans,Casual Wear,Jeans,Uniqlo,Budget,XS,708.85,488.39,31.1
P00290,Levi's Jeans,Casual Wear,Jeans,Levi's,Mid-Range,XL,1433.44,843.92,41.13
P00291,Puma Chinos,Casual Wear,Chinos,Puma,Mid-Range,XL,1364.19,950.84,30.3
P00292,Tommy Hilfiger Shorts,Casual Wear,Shorts,Tommy Hilfiger,Mid-Range,XXXL,1434.5,859.71,40.07
P00293,Adidas Shorts,Casual Wear,Shorts,Adidas,Mid-Range,L,1730.14,1013.9,41.4
P00294,Uniqlo Chinos,Casual Wear,Chinos,Uniqlo,Budget,XXXL,559.31,318.43,43.07
P00295,GAP Shorts,Casual Wear,Shorts,GAP,Budget,M,668.9,383.13,42.72
P00296,H&M Shorts,Casual Wear,Shorts,H&M,Budget,XL,691.54,446.82,35.39
P00297,Zara T-Shirts,Casual Wear,T-Shirts,Zara,Budget,XXL,781.95,470.62,39.81
P00298,Ralph Lauren Jeans,Casual Wear,Jeans,Ralph Lauren,Premium,XXL,2283.26,1418.12,37.89
P00299,Hugo Boss T-Shirts,Casual Wear,T-Shirts,Hugo Boss,Premium,S,1801.87,1037.6,42.42
P00300,H&M Jeans,Casual Wear,Jeans,H&M,Budget,S,803.81,447.02,44.39
P00301,GAP T-Shirts,Casual Wear,T-Shirts,GAP,Budget,L,754.76,446.66,40.82
P00302,GAP Shorts,Casual Wear,Shorts,GAP,Budget,M,771.72,434.72,43.67
P00303,Zara T-Shirts,Casual Wear,T-Shirts,Zara,Budget,M,653.34,404.49,38.09
P00304,GAP Casual Shirts,Casual Wear,Casual Shirts,GAP,Budget,XS,833.3,503.85,39.54
P00305,Nike Jeans,Casual Wear,Jeans,Nike,Mid-Range,XXXL,1457.18,952.35,34.64
P00306,Zara Shorts,Casual Wear,Shorts,Zara,Budget,L,482.56,323.27,33.01
P00307,Puma T-Shirts,Casual Wear,T-Shirts,Puma,Mid-Range,S,1718.59,966.3,43.77
P00308,Ralph Lauren Jeans,Casual Wear,Jeans,Ralph Lauren,Premium,XXXL,2234.52,1537.64,31.19
P00309,H&M Jeans,Casual Wear,Jeans,H&M,Budget,XS,528.26,312.48,40.85
P00310,Ralph Lauren Jeans,Casual Wear,Jeans,Ralph Lauren,Premium,XL,2093.02,1386.08,33.78
P00311,Uniqlo Shorts,Casual Wear,Shorts,Uniqlo,Budget,L,787.49,457.85,41.86
P00312,Adidas T-Shirts,Casual Wear,T-Shirts,Adidas,Mid-Range,XXL,1177.99,733.51,37.73
P00313,Adidas Casual Shirts,Casual Wear,Casual Shirts,Adidas,Mid-Range,M,1698.34,1028.07,39.47
P00314,Puma Shorts,Casual Wear,Shorts,Puma,Mid-Range,L,1371.32,907.98,33.79
P00315,H&M Chinos,Casual Wear,Chinos,H&M,Budget,XL,477.03,280.43,41.21
P00316,Calvin Klein T-Shirts,Casual Wear,T-Shirts,Calvin Klein,Premium,XXL,1898.03,1298.79,31.57
P00317,Puma Casual Shirts,Casual Wear,Casual Shirts,Puma,Mid-Range,M,1474.52,928.68,37.02
P00318,H&M T-Shirts,Casual Wear,T-Shirts,H&M,Budget,S,625.06,385.73,38.29
P00319,Puma Shorts,Casual Wear,Shorts,Puma,Mid-Range,XS,1518.5,890.4,41.36
P00320,H&M Casual Shirts,Casual Wear,Casual Shirts,H&M,Budget,XXXL,965.41,585.61,39.34
P00321,GAP Jeans,Casual Wear,Jeans,GAP,Budget,XL,442.15,264.54,40.17
P00322,Uniqlo Chinos,Casual Wear,Chinos,Uniqlo,Budget,S,844.04,505.69,40.09
P00323,GAP Shorts,Casual Wear,Shorts,GAP,Budget,XXL,651.5,445.35,31.64
P00324,Levi's Chinos,Casual Wear,Chinos,Levi's,Mid-Range,L,1646.54,1073.33,34.81
P00325,Calvin Klein Casual Shirts,Casual Wear,Casual Shirts,Calvin Klein,Premium,M,2057.26,1285.31,37.52
P00326,H&M Sports Shoes,Sports & Activewear,Sports Shoes,H&M,Budget,8,852.07,537.29,36.94
P00327,Adidas Sports Shoes,Sports & Activewear,Sports Shoes,Adidas,Mid-Range,12,2301.84,1523.39,33.82
P00328,Nike Jackets,Sports & Activewear,Jackets,Nike,Mid-Range,XXL,1851.81,1053.94,43.09
P00329,Puma Jackets,Sports & Activewear,Jackets,Puma,Mid-Range,XS,1422.95,860.12,39.55
P00330,Armani Jackets,Sports & Activewear,Jackets,Armani,Premium,M,2473.16,1571.98,36.44
P00331,Nike Sports Shoes,Sports & Activewear,Sports Shoes,Nike,Mid-Range,7,1632.68,1139.57,30.2
P00332,Puma Jackets,Sports & Activewear,Jackets,Puma,Mid-Range,XXXL,2356.75,1380.07,41.44
P00333,GAP Gym Wear,Sports & Activewear,Gym Wear,GAP,Budget,L,895.17,512.87,42.71
P00334,Zara Gym Wear,Sports & Activewear,Gym Wear,Zara,Budget,XL,1313.28,753.96,42.59
P00335,GAP Sports Shoes,Sports & Activewear,Sports Shoes,GAP,Budget,12,1141.04,676.37,40.72
P00336,H&M Jackets,Sports & Activewear,Jackets,H&M,Budget,S,1102.78,754.87,31.55
P00337,Zara Sports Shoes,Sports & Activewear,Sports Shoes,Zara,Budget,9,832.68,523.49,37.13
P00338,Adidas Jackets,Sports & Activewear,Jackets,Adidas,Mid-Range,XS,1790.15,1248.37,30.26
P00339,Zara Gym Wear,Sports & Activewear,Gym Wear,Zara,Budget,XXL,924.91,563.9,39.03
P00340,Ralph Lauren Track Pants,Sports & Activewear,Track Pants,Ralph Lauren,Premium,XL,3411.46,2319.2,32.02
P00341,Calvin Klein Gym Wear,Sports & Activewear,Gym Wear,Calvin Klein,Premium,XS,2969.51,1748.11,41.13
P00342,H&M Track Pants,Sports & Activewear,Track Pants,H&M,Budget,L,1095.57,712.45,34.97
P00343,Hugo Boss Gym Wear,Sports & Activewear,Gym Wear,Hugo Boss,Premium,L,3295.19,2087.55,36.65
P00344,Puma Sports Shoes,Sports & Activewear,Sports Shoes,Puma,Mid-Range,12,2257.68,1336.54,40.8
P00345,Calvin Klein Sports Shoes,Sports & Activewear,Sports Shoes,Calvin Klein,Premium,10,2831.53,1636.78,42.19
P00346,Tommy Hilfiger Jackets,Sports & Activewear,Jackets,Tommy Hilfiger,Mid-Range,L,1538.67,944.46,38.62
P00347,Tommy Hilfiger Hoodies,Sports & Activewear,Hoodies,Tommy Hilfiger,Mid-Range,L,2072.07,1214.98,41.36
P00348,Zara Track Pants,Sports & Activewear,Track Pants,Zara,Budget,XXXL,933.03,598.62,35.84
P00349,Nike Gym Wear,Sports & Activewear,Gym Wear,Nike,Mid-Range,XXXL,1437.03,915.65,36.28
P00350,Uniqlo Jackets,Sports & Activewear,Jackets,Uniqlo,Budget,XXXL,1047.65,651.82,37.78
P00351,Nike Hoodies,Sports & Activewear,Hoodies,Nike,Mid-Range,XXXL,2144.51,1196.15,44.22
P00352,Nike Gym Wear,Sports & Activewear,Gym Wear,Nike,Mid-Range,XXL,1576.15,898.66,42.98
P00353,GAP Sports Shoes,Sports & Activewear,Sports Shoes,GAP,Budget,8,783.79,547.47,30.15
P00354,Puma Jackets,Sports & Activewear,Jackets,Puma,Mid-Range,L,1534.83,1030.61,32.85
P00355,Uniqlo Sports Shoes,Sports & Activewear,Sports Shoes,Uniqlo,Budget,11,1338.46,872.98,34.78
P00356,Calvin Klein Hoodies,Sports & Activewear,Hoodies,Calvin Klein,Premium,L,2804.66,1793.15,36.07
P00357,Tommy Hilfiger Sports Shoes,Sports & Activewear,Sports Shoes,Tommy Hilfiger,Mid-Range,12,1967.57,1203.71,38.82
P00358,Puma Track Pants,Sports & Activewear,Track Pants,Puma,Mid-Range,L,1611.72,1111.17,31.06
P00359,Calvin Klein Track Pants,Sports & Activewear,Track Pants,Calvin Klein,Premium,XS,3008.8,2090.37,30.52
P00360,GAP Sports Shoes,Sports & Activewear,Sports Shoes,GAP,Budget,12,960.46,633.55,34.04
P00361,Calvin Klein Jackets,Sports & Activewear,Jackets,Calvin Klein,Premium,XXL,3321.19,1916.94,42.28
P00362,GAP Track Pants,Sports & Activewear,Track Pants,GAP,Budget,XS,792.84,524.2,33.88
P00363,Puma Track Pants,Sports & Activewear,Track Pants,Puma,Mid-Range,XL,2265.97,1532.42,32.37
P00364,H&M Sports Shoes,Sports & Activewear,Sports Shoes,H&M,Budget,10,1005.34,672.86,33.07
P00365,GAP Gym Wear,Sports & Activewear,Gym Wear,GAP,Budget,XS,1184.72,680.68,42.55
P00366,GAP Track Pants,Sports & Activewear,Track Pants,GAP,Budget,XXXL,1076.37,723.52,32.78
P00367,Armani Track Pants,Sports & Activewear,Track Pants,Armani,Premium,L,2529.07,1589.42,37.15
P00368,Nike Sports Shoes,Sports & Activewear,Sports Shoes,Nike,Mid-Range,11,1640.61,1118.21,31.84
P00369,Levi's Jackets,Sports & Activewear,Jackets,Levi's,Mid-Range,XXXL,1738.09,1168.85,32.75
P00370,Puma Sports Shoes,Sports & Activewear,Sports Shoes,Puma,Mid-Range,10,1873.49,1136.35,39.35
P00371,Adidas Sports Shoes,Sports & Activewear,Sports Shoes,Adidas,Mid-Range,11,1941.77,1155.76,40.48
P00372,Armani Gym Wear,Sports & Activewear,Gym Wear,Armani,Premium,S,2768.07,1731.17,37.46
P00373,Zara Sports Shoes,Sports & Activewear,Sports Shoes,Zara,Budget,12,1273.42,872.21,31.51
P00374,Adidas Gym Wear,Sports & Activewear,Gym Wear,Adidas,Mid-Range,XS,1713.28,1082.0,36.85
P00375,Calvin Klein Gym Wear,Sports & Activewear,Gym Wear,Calvin Klein,Premium,S,3228.77,2078.15,35.64
P00376,H&M Sports Shoes,Sports & Activewear,Sports Shoes,H&M,Budget,7,939.0,648.83,30.9
P00377,Levi's Sports Shoes,Sports & Activewear,Sports Shoes,Levi's,Mid-Range,9,2420.35,1452.78,39.98
P00378,Uniqlo Sports Shoes,Sports & Activewear,Sports Shoes,Uniqlo,Budget,10,1003.89,671.71,33.09
P00379,Tommy Hilfiger Track Pants,Sports & Activewear,Track Pants,Tommy Hilfiger,Mid-Range,XL,2398.21,1510.92,37.0
P00380,Hugo Boss Jackets,Sports & Activewear,Jackets,Hugo Boss,Premium,S,3192.29,2133.37,33.17
P00381,H&M Track Pants,Sports & Activewear,Track Pants,H&M,Budget,XL,1039.86,620.54,40.32
P00382,Zara Jackets,Sports & Activewear,Jackets,Zara,Budget,L,1320.62,873.71,33.84
P00383,Zara Hoodies,Sports & Activewear,Hoodies,Zara,Budget,S,697.24,443.09,36.45
P00384,Ralph Lauren Jackets,Sports & Activewear,Jackets,Ralph Lauren,Premium,L,2811.13,1915.83,31.85
P00385,Levi's Sports Shoes,Sports & Activewear,Sports Shoes,Levi's,Mid-Range,10,1592.04,1071.74,32.68
P00386,Zara Sports Shoes,Sports & Activewear,Sports Shoes,Zara,Budget,7,920.83,623.37,32.3
P00387,Uniqlo Jackets,Sports & Activewear,Jackets,Uniqlo,Budget,XL,969.72,591.13,39.04
P00388,Calvin Klein Sports Shoes,Sports & Activewear,Sports Shoes,Calvin Klein,Premium,12,2912.16,1667.17,42.75
P00389,GAP Sports Shoes,Sports & Activewear,Sports Shoes,GAP,Budget,9,1264.83,832.68,34.17
P00390,Calvin Klein Track Pants,Sports & Activewear,Track Pants,Calvin Klein,Premium,XXXL,2688.11,1736.98,35.38
P00391,Armani Jackets,Sports & Activewear,Jackets,Armani,Premium,S,2612.45,1649.52,36.86
P00392,Uniqlo Jackets,Sports & Activewear,Jackets,Uniqlo,Budget,XL,1330.22,800.6,39.81
P00393,Uniqlo Sports Shoes,Sports & Activewear,Sports Shoes,Uniqlo,Budget,7,1126.63,773.17,31.37
P00394,Nike Jackets,Sports & Activewear,Jackets,Nike,Mid-Range,XS,2291.84,1398.31,38.99
P00395,Levi's Hoodies,Sports & Activewear,Hoodies,Levi's,Mid-Range,XL,1939.82,1342.53,30.79
P00396,Uniqlo Jackets,Sports & Activewear,Jackets,Uniqlo,Budget,XXXL,1044.72,666.46,36.21
P00397,Puma Track Pants,Sports & Activewear,Track Pants,Puma,Mid-Range,XXXL,2067.08,1326.48,35.83
P00398,Zara Sports Shoes,Sports & Activewear,Sports Shoes,Zara,Budget,12,652.52,444.25,31.92
P00399,Ralph Lauren Track Pants,Sports & Activewear,Track Pants,Ralph Lauren,Premium,XXL,3303.14,2096.74,36.52
P00400,Armani Track Pants,Sports & Activewear,Track Pants,Armani,Premium,XXL,2620.29,1803.74,31.16
P00401,Ralph Lauren Gym Wear,Sports & Activewear,Gym Wear,Ralph Lauren,Premium,XXXL,2650.99,1518.7,42.71
P00402,Levi's Jackets,Sports & Activewear,Jackets,Levi's,Mid-Range,XL,2271.24,1455.88,35.9
P00403,Tommy Hilfiger Sports Shoes,Sports & Activewear,Sports Shoes,Tommy Hilfiger,Mid-Range,7,1829.98,1208.64,33.95
P00404,Ralph Lauren Sports Shoes,Sports & Activewear,Sports Shoes,Ralph Lauren,Premium,12,3309.66,2279.81,31.12
P00405,Tommy Hilfiger Jackets,Sports & Activewear,Jackets,Tommy Hilfiger,Mid-Range,S,1907.43,1081.49,43.3
P00406,Ralph Lauren Track Pants,Sports & Activewear,Track Pants,Ralph Lauren,Premium,XL,3456.04,2335.71,32.42
P00407,Uniqlo Hoodies,Sports & Activewear,Hoodies,Uniqlo,Budget,XXXL,961.52,661.65,31.19
P00408,Ralph Lauren Track Pants,Sports & Activewear,Track Pants,Ralph Lauren,Premium,XXXL,3122.7,1960.51,37.22
P00409,Nike Jackets,Sports & Activewear,Jackets,Nike,Mid-Range,XXL,2314.7,1411.62,39.01
P00410,H&M Sports Shoes,Sports & Activewear,Sports Shoes,H&M,Budget,10,758.81,455.5,39.97
P00411,Hugo Boss Gym Wear,Sports & Activewear,Gym Wear,Hugo Boss,Premium,XXXL,2928.28,1612.59,44.93
P00412,Adidas Track Pants,Sports & Activewear,Track Pants,Adidas,Mid-Range,XXXL,1567.15,955.53,39.03
P00413,Nike Hoodies,Sports & Activewear,Hoodies,Nike,Mid-Range,XS,2158.45,1484.96,31.2
P00414,Levi's Jackets,Sports & Activewear,Jackets,Levi's,Mid-Range,M,1604.4,965.92,39.8
P00415,Armani Hoodies,Sports & Activewear,Hoodies,Armani,Premium,L,2738.75,1692.09,38.22
P00416,Uniqlo Sports Shoes,Sports & Activewear,Sports Shoes,Uniqlo,Budget,11,1251.35,773.17,38.21
P00417,Uniqlo Jackets,Sports & Activewear,Jackets,Uniqlo,Budget,XS,1008.49,581.35,42.35
P00418,Adidas Track Pants,Sports & Activewear,Track Pants,Adidas,Mid-Range,XS,2045.27,1253.42,38.72
P00419,Ralph Lauren Hoodies,Sports & Activewear,Hoodies,Ralph Lauren,Premium,XL,3253.05,1966.01,39.56
P00420,Levi's Track Pants,Sports & Activewear,Track Pants,Levi's,Mid-Range,XXL,2283.71,1472.62,35.52
P00421,Uniqlo Jackets,Sports & Activewear,Jackets,Uniqlo,Budget,XXL,637.97,414.38,35.05
P00422,H&M Jackets,Sports & Activewear,Jackets,H&M,Budget,S,1116.3,774.89,30.58
P00423,H&M Gym Wear,Sports & Activewear,Gym Wear,H&M,Budget,M,1031.12,631.25,38.78
P00424,H&M Jackets,Sports & Activewear,Jackets,H&M,Budget,XS,847.51,592.86,30.05
P00425,Puma Track Pants,Sports & Activewear,Track Pants,Puma,Mid-Range,S,2056.37,1314.65,36.07
P00426,GAP Watches,Accessories,Watches,GAP,Budget,One Size,548.18,363.17,33.75
P00427,GAP Ties,Accessories,Ties,GAP,Budget,One Size,1076.65,737.19,31.53
P00428,Zara Sunglasses,Accessories,Sunglasses,Zara,Budget,One Size,1059.02,612.75,42.14
P00429,H&M Watches,Accessories,Watches,H&M,Budget,One Size,435.23,270.2,37.92
P00430,Puma Watches,Accessories,Watches,Puma,Mid-Range,One Size,2389.91,1338.01,44.01
P00431,Ralph Lauren Watches,Accessories,Watches,Ralph Lauren,Premium,One Size,3169.45,1958.7,38.2
P00432,Nike Belts,Accessories,Belts,Nike,Mid-Range,One Size,2240.24,1380.25,38.39
P00433,Adidas Wallets,Accessories,Wallets,Adidas,Mid-Range,One Size,1782.82,1130.21,36.61
P00434,Zara Watches,Accessories,Watches,Zara,Budget,One Size,874.39,504.78,42.27
P00435,Armani Ties,Accessories,Ties,Armani,Premium,One Size,3488.61,2413.83,30.81
P00436,Nike Bags,Accessories,Bags,Nike,Mid-Range,One Size,1681.24,992.96,40.94
P00437,Nike Sunglasses,Accessories,Sunglasses,Nike,Mid-Range,One Size,2682.8,1640.02,38.87
P00438,GAP Belts,Accessories,Belts,GAP,Budget,One Size,393.93,225.89,42.66
P00439,Hugo Boss Ties,Accessories,Ties,Hugo Boss,Premium,One Size,2949.1,1913.49,35.12
P00440,GAP Belts,Accessories,Belts,GAP,Budget,One Size,400.26,233.47,41.67
P00441,Zara Belts,Accessories,Belts,Zara,Budget,One Size,1154.98,751.64,34.92
P00442,H&M Bags,Accessories,Bags,H&M,Budget,One Size,372.93,210.93,43.44
P00443,Ralph Lauren Belts,Accessories,Belts,Ralph Lauren,Premium,One Size,3259.69,1880.13,42.32
P00444,Tommy Hilfiger Wallets,Accessories,Wallets,Tommy Hilfiger,Mid-Range,One Size,2715.16,1590.34,41.43
P00445,Zara Sunglasses,Accessories,Sunglasses,Zara,Budget,One Size,667.93,391.73,41.35
P00446,Hugo Boss Belts,Accessories,Belts,Hugo Boss,Premium,One Size,2972.39,2016.33,32.16
P00447,Hugo Boss Sunglasses,Accessories,Sunglasses,Hugo Boss,Premium,One Size,3371.81,2055.38,39.04
P00448,Nike Wallets,Accessories,Wallets,Nike,Mid-Range,One Size,2771.92,1609.78,41.93
P00449,H&M Wallets,Accessories,Wallets,H&M,Budget,One Size,1384.65,947.72,31.55
P00450,Zara Ties,Accessories,Ties,Zara,Budget,One Size,348.11,195.92,43.72
P00451,Uniqlo Wallets,Accessories,Wallets,Uniqlo,Budget,One Size,1069.18,592.3,44.6
P00452,H&M Wallets,Accessories,Wallets,H&M,Budget,One Size,971.31,619.17,36.25
P00453,Levi's Bags,Accessories,Bags,Levi's,Mid-Range,One Size,1859.27,1271.56,31.61
P00454,Armani Wallets,Accessories,Wallets,Armani,Premium,One Size,3324.54,1998.96,39.87
P00455,Zara Ties,Accessories,Ties,Zara,Budget,One Size,1259.87,764.68,39.3
P00456,Nike Sunglasses,Accessories,Sunglasses,Nike,Mid-Range,One Size,2484.09,1466.13,40.98
P00457,Tommy Hilfiger Belts,Accessories,Belts,Tommy Hilfiger,Mid-Range,One Size,2609.35,1595.39,38.86
P00458,Levi's Ties,Accessories,Ties,Levi's,Mid-Range,One Size,2342.57,1441.66,38.46
P00459,GAP Wallets,Accessories,Wallets,GAP,Budget,One Size,1389.52,961.92,30.77
P00460,Armani Sunglasses,Accessories,Sunglasses,Armani,Premium,One Size,3125.34,1784.62,42.9
P00461,Armani Bags,Accessories,Bags,Armani,Premium,One Size,3513.33,2189.21,37.69
P00462,Calvin Klein Watches,Accessories,Watches,Calvin Klein,Premium,One Size,3609.84,2418.52,33.0
P00463,Puma Ties,Accessories,Ties,Puma,Mid-Range,One Size,1873.29,1036.62,44.66
P00464,H&M Sunglasses,Accessories,Sunglasses,H&M,Budget,One Size,1294.11,816.9,36.88
P00465,Puma Watches,Accessories,Watches,Puma,Mid-Range,One Size,2643.87,1556.4,41.13
P00466,H&M Wallets,Accessories,Wallets,H&M,Budget,One Size,815.62,550.74,32.48
P00467,Ralph Lauren Bags,Accessories,Bags,Ralph Lauren,Premium,One Size,3942.29,2479.12,37.11
P00468,H&M Watches,Accessories,Watches,H&M,Budget,One Size,935.21,552.57,40.92
P00469,GAP Belts,Accessories,Belts,GAP,Budget,One Size,368.05,252.9,31.29
P00470,GAP Watches,Accessories,Watches,GAP,Budget,One Size,735.68,468.24,36.35
P00471,H&M Bags,Accessories,Bags,H&M,Budget,One Size,1314.0,831.93,36.69
P00472,Adidas Watches,Accessories,Watches,Adidas,Mid-Range,One Size,2710.26,1827.96,32.55
P00473,H&M Belts,Accessories,Belts,H&M,Budget,One Size,1063.76,586.82,44.84
P00474,Zara Ties,Accessories,Ties,Zara,Budget,One Size,806.48,552.44,31.5
P00475,Hugo Boss Belts,Accessories,Belts,Hugo Boss,Premium,One Size,3533.39,2260.0,36.04
P00476,Puma Ties,Accessories,Ties,Puma,Mid-Range,One Size,2521.91,1638.63,35.02
P00477,Uniqlo Bags,Accessories,Bags,Uniqlo,Budget,One Size,948.87,652.03,31.28
P00478,Puma Watches,Accessories,Watches,Puma,Mid-Range,One Size,1849.45,1123.49,39.25
P00479,Nike Sunglasses,Accessories,Sunglasses,Nike,Mid-Range,One Size,2220.0,1236.64,44.3
P00480,GAP Watches,Accessories,Watches,GAP,Budget,One Size,915.25,604.71,33.93
P00481,H&M Belts,Accessories,Belts,H&M,Budget,One Size,606.36,388.35,35.95
P00482,Zara Bags,Accessories,Bags,Zara,Budget,One Size,1207.79,734.81,39.16
P00483,GAP Watches,Accessories,Watches,GAP,Budget,One Size,1368.17,825.48,39.66
P00484,Calvin Klein Wallets,Accessories,Wallets,Calvin Klein,Premium,One Size,2960.47,1760.2,40.54
P00485,Adidas Ties,Accessories,Ties,Adidas,Mid-Range,One Size,2395.7,1488.7,37.86
P00486,Adidas Watches,Accessories,Watches,Adidas,Mid-Range,One Size,2755.58,1902.8,30.95
P00487,Armani Bags,Accessories,Bags,Armani,Premium,One Size,3010.52,1752.85,41.78
P00488,GAP Ties,Accessories,Ties,GAP,Budget,One Size,415.38,244.8,41.07
P00489,Nike Ties,Accessories,Ties,Nike,Mid-Range,One Size,2501.79,1395.28,44.23
P00490,Tommy Hilfiger Ties,Accessories,Ties,Tommy Hilfiger,Mid-Range,One Size,2136.56,1366.38,36.05
P00491,GAP Bags,Accessories,Bags,GAP,Budget,One Size,1536.7,1022.89,33.44
P00492,H&M Belts,Accessories,Belts,H&M,Budget,One Size,694.41,389.75,43.87
P00493,Armani Belts,Accessories,Belts,Armani,Premium,One Size,2994.3,1869.41,37.57
P00494,Armani Watches,Accessories,Watches,Armani,Premium,One Size,2847.09,1751.6,38.48
P00495,Uniqlo Bags,Accessories,Bags,Uniqlo,Budget,One Size,1211.69,815.3,32.71
P00496,Armani Wallets,Accessories,Wallets,Armani,Premium,One Size,3257.84,2131.29,34.58
P00497,Uniqlo Sunglasses,Accessories,Sunglasses,Uniqlo,Budget,One Size,1306.94,834.52,36.15
P00498,Levi's Bags,Accessories,Bags,Levi's,Mid-Range,One Size,1635.6,922.05,43.63
P00499,Ralph Lauren Watches,Accessories,Watches,Ralph Lauren,Premium,One Size,3694.06,2107.55,42.95
P00500,Calvin Klein Bags,Accessories,Bags,Calvin Klein,Premium,One Size,3815.88,2354.02,38.31
